<?xml version="1.0" encoding="UTF-8"?>
<project-private xmlns="http://www.netbeans.org/ns/project-private/1">
    <editor-bookmarks xmlns="http://www.netbeans.org/ns/editor-bookmarks/1"/>
    <editor-bookmarks xmlns="http://www.netbeans.org/ns/editor-bookmarks/2" lastBookmarkId="0"/>
    <open-files xmlns="http://www.netbeans.org/ns/projectui-open-files/2">
        <group>
            <file>file:/C:/Users/raque/Downloads/3%20eCommerce_exercise/eCommerce_exercise/web/view/login.jsp</file>
            <file>file:/C:/Users/raque/Downloads/3%20eCommerce_exercise/eCommerce_exercise/web/view/checkout.jsp</file>
            <file>file:/C:/Users/raque/Downloads/3%20eCommerce_exercise/eCommerce_exercise/src/java/web/action/checkoutAction.java</file>
            <file>file:/C:/Users/raque/Downloads/3%20eCommerce_exercise/eCommerce_exercise/src/java/web/action/updatecartAction.java</file>
            <file>file:/C:/Users/raque/Downloads/3%20eCommerce_exercise/eCommerce_exercise/src/java/web/action/clearcartAction.java</file>
            <file>file:/C:/Users/raque/Downloads/3%20eCommerce_exercise/eCommerce_exercise/web/view/viewcart.jsp</file>
            <file>file:/C:/Users/raque/Downloads/3%20eCommerce_exercise/eCommerce_exercise/src/java/web/action/viewcartAction.java</file>
            <file>file:/C:/Users/raque/Downloads/3%20eCommerce_exercise/eCommerce_exercise/web/view/init.jsp</file>
        </group>
    </open-files>
</project-private>
